"","region_EN_from_map","region_rus_from_map","region_rus","region","inventive_rate2018","research_expend_region2017","state_subsidy2018","state_subsidy2018_2","grant_fonds","other_types_financing","data_jan2019","phd_students","female","full_time","selffunded","n_uni_phd_prog","n_uni_phd_foreign","n_kandidat_defence2018","n_kandidat_defence_female2018","n_uni_diss_council","n_phdsupervisors2018","phd_superv_professor","n_phd_supervisor_female","n_phd_supervisor_female_prof","n_uni_elibrary","n_readers_elibrary","n_researchers2018","n_unis20172018","RNF_grants","n_researchers_per_grant","n_uni_grants","n_years_grants","n_categories_grants","rnf2014","rnf2015","rnf2016","rnf2017","rnf2018","rnf2019","n_org","n_grants_1row","n_grants_2row","n_grants_3row","n_grants_4row","n_grants_5row","n_grants_6row","n_grants_7row","megagrants_all","n_people_presidentgrant","ECI","randd_subrank1","randd_subrank2","research_outputWoS201517","patents_research_outputWoS201517","call_patents2015","density_foreign_stud","share_expendscience_region","n_projects","region_id","sum_14_19","sh_2014","sh_2015","sh_2016","sh_2017","sh_2018","sh_2019","first_period","second_period","change2015","change2016","change2017","change2018","change2019","VRP_R&D_2013","VRP_R&D_2014","VRP_R&D_2015","VRP_R&D_2016","VRP_R&D_2017","VRP_R&D_2018","UNI_COUNT_2013","UNI_COUNT_2014","UNI_COUNT_2015","UNI_COUNT_2016","UNI_COUNT_2017","UNI_COUNT_2018","UNI_COUNT_2019","DOCT_CAND_2013","DOCT_CAND_2014","DOCT_CAND_2015","DOCT_CAND_2016","DOCT_CAND_2017","DOCT_CAND_2018"
"1","Altayskiy kray","Алтайский край","Алтайский край","Altai territory",0.6,0.04,177804.8,10870.1,99935.6,131482.8,1774,701,393,438,335,10,6,45,25,0,264,110,112,40,83,4115,661,1,14,47.21,3,5,8,2,0,1,3,2,6,1,0,0,0,1,0,0,0,1,60,0.5288,0.45,0.3637,0.515,0.321,0.402,0.418,0.033,0.34,1,14,0.00179,0,0.00112,0.00183,0.00138,0.00286,0.00097,0.00203,-0.00179,0.00112,0.00071,-0.00045,0.00148,0.38,0.47,0.44,0.34,0.34,0.33,12,9,10,10,10,7,7,833,856,847,633,646,661
"2","Amurskaya oblastʹ","Амурская область","Амурская область","Amur region",0.68,0.18,296101.2,300,17898.1,8462,2140,197,128,96,125,6,3,9,7,1,81,36,49,16,18,1327,143,4,4,35.75,3,2,4,2,0,0,0,2,0,0,0,0,0,0,0,0,0,0,2,-0.0696,0.37,0.3108,0.504,0.387,0.322,0.157,0.006,0.215,2,4,0.00179,0,0,0,0.00138,0,6e-04,0.00046,-0.00179,0,0,0.00138,-0.00138,0.23,0.21,0.18,0.18,0.18,0.19,5,4,4,4,4,4,4,433,203,192,241,158,143
"3","Arkhangelʹskaya oblastʹ","Архангельская область","Архангельская область (кроме Ненецкого автономного округа)","Arkhangelsk region",0.9,0.33,27108.9,86822,12088.9,6378.8,932,406,230,381,27,4,1,10,7,1,159,84,66,29,31,2221,166,4,11,15.09,2,4,10,0,2,0,4,4,1,1,0,0,0,0,1,0,0,1,35,0.148,0.44,0.3747,0.476,0,0,0.335,0.01,0.368,3,11,0,0.00478,0,0.00244,0.00276,0.00048,0.00159,0.00189,0.00478,-0.00478,0.00244,0.00032,-0.00229,0.36,0.39,0.35,0.36,0.33,0.3,4,4,4,4,4,4,4,158,173,179,186,187,166
"4","Astrakhanskaya oblastʹ","Астраханская область","Астраханская область","Astrakhan region",0.59,0.13,22746.7,1000,18264.6,150,1602,441,250,211,136,6,2,23,15,1,196,103,98,45,40,1410,192,6,3,64,2,3,3,1,0,0,1,1,0,0,0,0,0,0,0,0,0,0,28,0.3453,0.43,0.3096,0.415,0.364,0,1,0.043,0.408,4,3,0.00089,0,0,0.00061,0.00069,0,3e-04,0.00043,-0.00089,0,0.00061,8e-05,-0.00069,0.21,0.19,0.17,0.13,0.13,0.09,6,6,6,6,6,6,6,249,286,287,217,199,192
"5","Belgorodskaya oblastʹ","Белгородская область","Белгородская область","Belgorod region",1.05,0.24,125121.5,108274.5,120734,9342,953,1298,680,944,399,6,6,138,68,2,408,197,153,64,57,2457,414,5,44,9.41,2,6,20,6,3,2,7,8,18,0,0,0,0,0,0,0,0,0,66,0.3779,0.47,0.4057,0.534,0.403,0.426,0.502,0.094,0.554,5,44,0.00536,0.00718,0.00224,0.00427,0.00553,0.00859,0.00493,0.00613,0.00182,-0.00493,0.00203,0.00126,0.00306,0.26,0.29,0.28,0.24,0.24,0.25,7,7,6,6,5,5,5,363,385,553,517,489,414
"6","Bryanskaya oblastʹ","Брянская область","Брянская область","Bryansk region",0.52,0.32,4052.6,700263.4,57751.7,292150,477,330,141,167,220,4,4,28,15,2,114,59,29,15,34,1172,86,5,3,28.67,1,3,2,0,0,1,1,0,1,0,0,0,0,0,0,0,0,0,15,0.7287,0.43,0.3823,0.535,0.298,0,0.321,0,0.397,6,3,0,0,0.00112,0.00061,0,0.00048,0.00037,0.00036,0,0.00112,-0.00051,-0.00061,0.00048,0.16,0.17,0.2,0.25,0.32,0.42,5,5,5,5,5,5,5,60,74,116,77,78,86
"7","Chechenskaya respublika","Чеченская республика","Чеченская Республика*","Chechen Republic",0.13,0.15,84009.8,44100,10325,600,319,364,206,60,300,4,1,27,20,0,109,51,33,13,12,90,160,3,0,0,0,0,0,0,0,0,0,0,0,0,0,0,0,0,0,0,0,0,3,-0.0403,0.39,0.3218,0.301,0.204,0,0.025,0.247,0.149,81,0,0,0,0,0,0,0,0,0,0,0,0,0,0,0.22,0.23,0.19,0.13,0.15,0.14,4,3,3,3,3,3,3,413,357,318,285,291,160
"8","Chelyabinskaya oblastʹ","Челябинская область","Челябинская область","Chelyabinsk region",0.77,1.66,154828.6,34848.6,110246.2,2940892.2,15592,1473,639,1032,572,12,9,107,56,4,505,236,198,79,125,4434,1142,15,41,27.85,6,0,27,5,7,4,4,14,7,2,0,0,0,1,0,1,0,2,70,0.8519,0.47,0.4173,0.34,0.34,0.512,0.369,0,0.572,80,41,0.00446,0.01675,0.00448,0.00244,0.00968,0.00334,0.00857,0.00515,0.01228,-0.01226,-0.00204,0.00723,-0.00633,1.62,1.19,1.22,1.54,1.65,1.46,18,17,16,15,15,15,14,626,826,928,839,1138,1142
"9","Chukot·skiy AOk","Чукотский АОк","Чукотский автономный округ","Сhukotka autonomous district",0,0,0,0,0,0,26,0,0,0,0,0,0,0,0,0,0,0,0,0,1,74,2,0,0,0,0,0,0,0,0,0,0,0,0,0,0,0,0,0,0,0,0,0,0,0.0096,0.19,0,0,0,0,0.268,0,0,83,0,0,0,0,0,0,0,0,0,0,0,0,0,0,0.09,0.07,0.06,0.06,0,0.01,NA,NA,NA,NA,NA,NA,NA,NA,NA,NA,NA,NA,NA
"10","Chuvashskaya Respublika","Чувашская Республика","Чувашская Республика - Чувашия","Chuvashi Republic",0.75,0.75,39415.5,79029.3,25516.6,548416.2,1358,226,114,80,159,4,3,21,11,1,89,44,34,13,45,1385,113,4,3,37.67,1,0,1,0,1,0,1,1,0,0,0,0,0,0,0,0,0,0,17,0.918,0.43,0.35,0.262,0.402,0,0.285,0.107,0.387,82,3,0,0.00239,0,0.00061,0.00069,0,8e-04,0.00043,0.00239,-0.00239,0.00061,8e-05,-0.00069,0.64,0.64,0.55,0.59,0.74,0.73,5,5,5,5,5,4,4,85,85,98,105,126,113
"11","Evreyskaya AOb","Еврейская АОб","Еврейская автономная область","Jewish autonomous region",0.56,0.15,0,0,0,0,51,13,7,11,5,2,1,0,0,0,8,6,2,2,6,349,127,1,2,63.5,1,0,1,0,0,1,0,0,1,0,0,0,0,0,0,0,0,0,1,-0.1267,0.31,0.2965,0.364,0.377,0,0.194,0,0.366,14,2,0,0,0.00112,0,0,0.00048,0.00037,0.00016,0,0.00112,-0.00112,0,0.00048,0.24,0.23,0.17,0.17,0.15,0.15,1,1,1,1,1,1,1,NA,NA,NA,NA,NA,NA
"12","g. Moskva","г. Москва","Город Москва столица Российской Федерации город федерального значения","The City of Moscow",5.93,2.28,31748370,16318251.7,13163775.6,38020868.6,207698,27207,11222,23386,7082,337,127,3047,1440,72,13518,5300,4661,1524,4119,46059,39568,161,3140,12.6,237,0,360,534,134,393,743,509,827,41,11,13,13,8,13,16,12,86,3777,1.5536,0.76,0.5236,0.435,0.803,1,0.467,0.177,0.924,11,3140,0.47679,0.32057,0.44058,0.4536,0.35176,0.39475,0.41265,0.40004,-0.15621,0.12001,0.01302,-0.10184,0.04299,2.24,2.33,2.39,2.32,2.28,1.96,248,223,227,203,179,161,153,46632,45621,44524,43238,41247,39568
"13","g. Sankt-Peterburg","г. Санкт-Петербург","Город Санкт-Петербург город федерального значения","The City of Sankt-Petersburg",3.14,3.12,7279886.1,2448435.6,4495169.5,3755491.5,75471,10301,4557,8602,2562,116,47,1126,492,23,4495,1867,1414,505,1043,19239,9061,66,1029,8.81,73,0,250,131,39,115,218,204,322,11,6,7,8,8,6,5,1,41,843,1.0724,0.74,0.5693,0.473,0.669,0.851,0.511,0.042,0.816,12,1029,0.11696,0.0933,0.12892,0.13309,0.14098,0.1537,0.11306,0.14259,-0.02366,0.03562,0.00417,0.00789,0.01272,3.73,3.84,3.24,3.12,3.16,2.96,82,77,77,76,71,66,66,11372,11148,10801,10152,9673,9061
"14","g. Sevastopolʹ","г. Севастополь","Город федерального значения Севастополь","The City of Sevastopol disputed territory",0.95,1.14,571165.5,63226.5,48941.8,0,963,116,56,77,50,3,1,10,6,0,77,24,22,2,8,0,274,1,6,45.67,3,0,5,0,1,0,2,2,1,1,0,0,0,0,1,0,0,1,1,0,0.46,0.3816,0.517,0.49,0,0.292,1,0.447,13,6,0,0.00239,0,0.00122,0.00138,0.00048,8e-04,0.00103,0.00239,-0.00239,0.00122,0.00016,-9e-04,NA,0.89,1.34,0.99,1.12,1.04,NA,NA,4,2,1,1,1,NA,224,360,270,275,274
"15","Irkut·skaya oblastʹ","Иркутская область","Иркутская область","Irkutsk region",0.65,0.13,985880.5,188409.3,170660.3,173668.4,4051,1205,522,863,503,25,6,93,34,4,563,247,203,83,96,3654,1234,2,74,16.68,12,0,40,10,4,9,12,16,23,3,0,1,1,0,0,0,1,3,116,0.2751,0.48,0.4273,0.701,0.371,0.364,0.201,0.051,0.458,17,74,0.00893,0.00957,0.01009,0.00733,0.01106,0.01098,0.00953,0.00979,0.00064,0.00052,-0.00276,0.00373,-8e-05,0.58,0.51,0.43,0.38,0.35,0.34,16,14,13,12,11,10,10,1394,1370,1308,1277,1259,1234
"16","Ivanovskaya oblastʹ","Ивановская область","Ивановская область","Ivanovo region",5.75,0.32,127980.1,75451.3,70950.3,46686.3,691,297,139,244,83,9,6,41,17,2,214,119,78,42,35,1515,232,6,27,8.59,3,0,12,4,2,2,8,3,8,0,0,0,0,0,0,0,0,0,67,0.408,0.54,0.5148,0.994,1,0.356,0.268,0,0.519,16,27,0.00357,0.00478,0.00224,0.00488,0.00207,0.00382,0.00353,0.00359,0.00121,-0.00254,0.00264,-0.00281,0.00175,0.36,0.42,0.39,0.36,0.32,0.34,9,8,7,6,6,6,6,423,477,270,271,233,232
"17","Kabardino-Balkarskaya Respublika","Кабардино-Балкарская Республика","Кабардино-Балкарская Республика","Kabardino-Balkarian Republic",0.73,0.47,107832.3,89330.2,11255.2,2373,911,355,219,264,101,5,2,24,12,1,180,102,55,23,25,429,368,4,1,368,1,0,1,1,0,0,0,0,0,0,0,0,0,0,0,0,0,0,1,0.0919,0.36,0.3251,0.424,0.288,0,0.267,0.014,0.348,18,1,0.00089,0,0,0,0,0,3e-04,0,-0.00089,0,0,0,0,0.5,0.52,0.41,0.37,0.47,0.49,4,4,4,4,4,4,4,296,310,396,486,363,368
"18","Kaliningradskaya oblastʹ","Калининградская область","Калининградская область","Kaliningrad region",0.61,0.26,290010.8,600,83180.4,0,2128,570,249,570,59,2,2,46,25,2,234,98,83,26,37,1621,168,4,24,7,1,0,17,3,1,2,5,4,9,1,0,0,0,1,0,0,1,2,13,0.1867,0.48,0.3397,0.6,0.354,0.452,0.289,0.013,0.532,19,24,0.00268,0.00239,0.00224,0.00305,0.00276,0.0043,0.00244,0.00337,-0.00029,-0.00015,0.00081,-0.00029,0.00153,0.39,0.32,0.33,0.34,0.26,0.27,5,4,4,4,4,4,3,170,184,194,215,163,168
"19","Kaluzhskaya oblastʹ","Калужская область","Калужская область","Kaluga region",1.77,1.46,605567.9,8452.8,29703.1,250463.5,8782,230,97,137,79,7,4,6,1,0,123,35,28,5,103,1120,649,3,15,43.27,6,0,11,4,1,3,2,2,3,0,0,0,0,0,0,0,0,0,22,0.7542,0.51,0.4558,0.242,0.582,0.536,0.136,0.036,0.516,20,15,0.00357,0.00239,0.00336,0.00122,0.00138,0.00143,0.00311,0.00135,-0.00118,0.00097,-0.00214,0.00016,5e-05,3.18,3.15,2.93,2.49,1.46,1.53,4,3,3,3,3,3,3,882,855,881,796,723,649
"20","Kamchat·skiy kray","Камчатский край","Камчатский край","Kamchatka territory",0.16,0.6,482305.8,180593.1,33918.4,1060.8,814,92,43,73,19,3,0,4,1,0,53,7,25,2,15,500,200,2,10,20,3,0,6,2,1,3,1,2,1,0,0,0,0,0,0,0,0,0,1,0.0287,0.38,0.357,0.474,0.216,0,0.038,0.003,0.539,21,10,0.00179,0.00239,0.00336,0.00061,0.00138,0.00048,0.00251,0.00082,0.00061,0.00097,-0.00275,0.00077,-9e-04,0.95,0.86,0.74,0.59,0.6,0.59,2,2,2,2,2,2,2,195,273,285,270,208,200
"21","Karachayevo-Cherkessiya Respublika","Карачаево-Черкессия Республика","Карачаево-Черкесская Республика","Karachaevo-Chercessian Republic",0.17,0.68,0,68945,115762,810,533,155,110,33,130,3,1,3,1,0,69,34,35,14,8,118,152,2,7,21.71,1,0,2,2,0,0,2,1,2,0,0,0,0,0,0,0,0,0,12,0.0205,0.39,0.3759,0.715,0.2,0,0.591,0.187,0.425,22,7,0.00179,0,0,0.00122,0.00069,0.00095,6e-04,0.00096,-0.00179,0,0.00122,-0.00053,0.00026,0.5,0.62,0.89,0.69,0.67,0.67,2,2,2,2,2,2,2,133,150,163,167,164,152
"22","Kemerovskaya oblastʹ","Кемеровская область","Кемеровская область","Kemerovo region",0.64,0.86,453377.8,50401.9,148499.7,26130.6,1756,600,313,310,344,13,3,69,44,3,332,186,155,82,114,2904,480,8,22,21.82,6,0,14,2,4,2,5,5,4,0,0,0,0,0,0,0,0,0,39,0.2351,0.43,0.4145,0.704,0.322,0.356,0.271,0,0.405,23,22,0.00179,0.00957,0.00224,0.00305,0.00346,0.00191,0.00453,0.00281,0.00778,-0.00733,0.00081,4e-04,-0.00155,0.17,0.19,0.17,0.18,0.21,0.12,12,10,8,8,8,7,6,354,390,493,524,470,480
"23","Khabarovskiy kray","Хабаровский край","Хабаровский край","Khabarovsk territory",0.79,0.89,662189.1,42571.2,35669.9,110844.2,1358,626,292,342,325,18,3,42,20,1,290,98,118,32,49,2312,743,10,16,46.44,7,0,9,1,1,4,3,2,5,0,0,0,0,0,0,0,0,0,14,-0.0093,0.45,0.3953,0.472,0.367,0,0.2,0.254,0.38,78,16,0.00089,0.00239,0.00448,0.00183,0.00138,0.00239,0.00259,0.00187,0.0015,0.00209,-0.00265,-0.00045,0.001,0.28,0.26,0.33,0.4,0.91,0.33,15,14,12,12,10,10,10,452,530,761,734,693,743
"24","Khanty-Mansiyskiy AOk","Ханты-Мансийский АОк","Ханты-Мансийский автономный округ - Югра (Тюменская область)","Khanty-Mansijsk autonomous district - Yugra",0.22,0.09,366962.3,6368.3,26748.7,0,1820,671,407,523,26,5,2,14,10,1,212,98,93,31,47,1301,95,7,0,0,0,0,0,0,0,0,0,0,0,0,0,0,0,0,0,0,0,0,3,0.3688,0.41,0.3489,0.282,0.196,0.346,0.129,0.117,0.281,79,0,0,0,0,0,0,0,0,0,0,0,0,0,0,0.1,0.1,0.09,0.09,0.09,0.07,8,8,8,8,7,7,5,156,195,209,166,149,95
"25","Kirovskaya oblastʹ","Кировская область","Кировская область","Kirov region",0.68,0.7,21903.2,34294,11616.7,784066.3,1125,367,177,220,244,7,1,3,1,1,177,60,81,22,47,1580,213,4,4,53.25,1,0,4,0,0,0,0,3,1,0,0,0,0,0,0,0,0,0,15,0.501,0.44,0.3874,0.42,0.388,0.492,0.074,0,0.209,24,4,0,0,0,0,0.00207,0.00048,0,0.00085,0,0,0,0.00207,-0.0016,0.48,0.54,0.5,0.5,0.7,0.64,7,6,6,6,5,4,4,188,233,206,202,223,213
"26","Kostromskaya oblastʹ","Костромская область","Костромская область","Kostroma region",0.74,0.08,1500,0,2809.4,0,142,209,83,112,107,2,1,4,4,1,101,41,48,13,23,666,39,2,4,9.75,1,0,3,0,3,0,0,1,0,0,0,0,0,0,0,0,0,0,7,0.2457,0.45,0.3807,0.803,0.336,0,0.451,0,0.382,25,4,0,0.00718,0,0,0.00069,0,0.00239,0.00023,0.00718,-0.00718,0,0.00069,-0.00069,0.07,0.06,0.09,0.09,0.08,0.09,3,3,3,3,2,2,2,23,25,36,34,29,39
"27","Krasnodarskiy kray","Краснодарский край","Краснодарский край","Krasnodar territory",0.9,0.24,348908.1,92053.8,83989.1,57054.9,5098,1917,1037,724,1379,24,8,133,64,4,715,420,295,158,164,4107,1963,20,18,109.06,5,0,11,2,3,0,6,1,6,1,0,1,0,0,0,0,0,1,45,0.1542,0.45,0.3712,0.295,0.398,0.382,0.19,0.016,0.283,26,18,0.00179,0.00718,0,0.00366,0.00069,0.00286,0.00299,0.00241,0.00539,-0.00718,0.00366,-0.00297,0.00217,0.28,0.31,0.35,0.28,0.24,0.27,33,28,27,26,21,20,20,1448,1705,2450,2230,2053,1963
"28","Krasnoyarskiy kray","Красноярский край","Красноярский край","Krasnoyarsk territory",1.59,0.34,105345.4,4687422.3,211262.5,55355.4,6307,1588,752,1171,512,8,4,152,70,3,673,375,257,120,108,5149,898,7,76,11.82,9,0,47,18,3,9,11,13,22,2,2,1,1,2,0,1,1,8,124,-0.0266,0.48,0.3993,0.468,0.4,0.723,0.133,0.115,0.494,27,76,0.01607,0.00718,0.01009,0.00672,0.00898,0.0105,0.01111,0.00873,-0.00889,0.00291,-0.00337,0.00227,0.00152,0.81,1.08,1.03,0.97,0.85,0.99,11,11,10,10,9,8,8,837,860,912,920,863,898
"29","Kurganskaya oblastʹ","Курганская область","Курганская область","Kurgan region",0.62,0.17,63702.1,60,4400,15090,601,166,86,84,97,4,2,6,1,0,70,26,31,9,15,693,128,3,1,128,1,0,1,0,0,1,0,0,0,0,0,0,0,0,0,0,0,0,3,0.5112,0.39,0.2717,0.301,0.332,0,0.218,0,0.293,28,1,0,0,0.00112,0,0,0,0.00037,0,0,0.00112,-0.00112,0,0,0.16,0.16,0.16,0.17,0.18,0.17,4,4,3,3,3,3,3,135,135,180,179,155,128
"30","Kurskaya oblastʹ","Курская область","Курская область","Kursk region",2.76,1.53,54223.3,2000,13302.4,5146.1,2567,638,244,436,313,5,3,82,32,1,208,145,73,48,47,1067,167,8,7,23.86,3,0,7,1,2,0,1,1,2,0,0,0,0,0,0,0,0,0,77,0.2686,0.54,0.3985,0.47,0.582,0.39,0.526,0,0.391,29,7,0.00089,0.00478,0,0.00061,0.00069,0.00095,0.00189,0.00075,0.00389,-0.00478,0.00061,8e-05,0.00026,1.11,1.16,0.82,1.37,1.53,0.64,10,10,10,10,10,8,8,176,177,188,199,176,167
"31","Leningradskaya oblastʹ","Ленинградская область","Ленинградская область","Leningrad region",0.5,0.71,68202.9,81600,111500,34942.6,7229,24,4,24,7,2,1,0,0,0,18,7,10,3,73,3745,580,1,22,26.36,2,0,14,4,0,3,6,2,7,0,0,0,0,0,0,0,0,0,6,0.3029,0.36,0.3374,0.379,0.258,0.473,0.805,0.055,0.403,30,22,0.00357,0,0.00336,0.00366,0.00138,0.00334,0.00231,0.0028,-0.00357,0.00336,3e-04,-0.00228,0.00196,0.81,0.95,0.89,0.69,0.71,0.67,2,1,1,1,1,1,1,564,667,643,623,599,580
"32","Lipetskaya oblastʹ","Липецкая область","Липецкая область","Lipetzk region",0.43,0.06,22338.2,0,15107.1,747.2,206,226,80,163,120,3,3,12,6,0,90,57,37,18,28,934,242,5,2,121,2,0,2,0,0,0,0,2,0,0,0,0,0,0,0,0,0,0,4,0.2289,0.4,0.3215,0.452,0.28,0.439,0.108,0.01,0.301,31,2,0,0,0,0,0.00138,0,0,0.00046,0,0,0,0.00138,-0.00138,0.07,0.07,0.09,0.07,0.06,0.09,6,6,6,6,5,5,4,122,125,281,243,226,242
"33","Magadanskaya oblastʹ","Магаданская область","Магаданская область","Magadan region",0.35,0.44,225036.1,979,417.6,0,479,31,15,31,18,1,0,0,0,0,20,3,12,1,13,265,178,1,0,0,0,0,0,0,0,0,0,0,0,0,0,0,0,0,0,0,0,0,0,-0.0085,0.39,0.3041,0.453,0.254,0,0.088,0,0.282,32,0,0,0,0,0,0,0,0,0,0,0,0,0,0,1.01,1.09,0.58,0.44,0.44,0.48,1,1,1,1,1,1,1,118,216,212,217,201,178
"34","Moskovskaya oblastʹ","Московская область","Московская область","Moscow region",4.48,3.15,5310476.5,9683680.2,1436083.7,7465691.1,97524,2515,1098,1649,414,70,19,192,85,10,1156,364,339,117,596,11191,8232,24,349,23.59,32,0,109,50,12,48,68,70,101,7,3,4,3,2,2,0,2,16,245,1.9007,0.58,0.5165,0.325,0.8,0.676,0.311,0.167,0.553,33,349,0.04464,0.02871,0.05381,0.04151,0.04838,0.04821,0.04239,0.04603,-0.01593,0.0251,-0.0123,0.00686,-0.00017,3.66,3.79,3.5,2.93,3.17,2.96,35,38,35,34,29,24,21,7809,8178,7944,8086,7667,8232
"35","Murmanskaya oblastʹ","Мурманская область","Мурманская область","Murmansk region",0.24,0.51,314094.7,7070.4,47735.9,18708.9,1888,208,109,175,33,5,2,0,0,0,105,26,43,10,30,1576,471,3,16,29.44,10,0,11,3,1,2,3,2,5,0,0,0,0,0,0,0,0,0,15,-0.1875,0.41,0.3349,0.472,0.239,0.444,0.066,0.181,0.418,34,16,0.00268,0.00239,0.00224,0.00183,0.00138,0.00239,0.00244,0.00187,-0.00029,-0.00015,-0.00041,-0.00045,0.001,0.82,0.79,0.63,0.56,0.51,0.54,4,4,4,4,3,3,3,523,510,511,496,471,471
"36","Nenetskiy AOk","Ненецкий АОк","Ненецкий автономный округ (Архангельская область)","Nenets autonomous district",0,0.01,11305.2,0,0,0,2,0,0,0,0,0,0,0,0,0,0,0,0,0,0,54,2,0,0,0,0,0,0,0,0,0,0,0,0,0,0,0,0,0,0,0,0,0,0,0.148,0.17,0.181,0.12,0,0,0,0,0,35,0,0,0,0,0,0,0,0,0,0,0,0,0,0,0.03,0.04,0.03,0.02,0.01,0.01,NA,NA,NA,NA,NA,NA,NA,1,2,2,2,2,2
"37","Nizhegorodskaya oblastʹ","Нижегородская область","Нижегородская область","Nizhni Novgorod region",1.08,6.05,258603.1,3703767.7,1295871,1449973.8,38901,1797,726,1347,486,21,11,238,104,8,897,363,228,98,188,4983,2201,11,308,7.15,9,0,91,33,25,37,70,67,76,4,4,2,5,4,2,5,2,24,225,1.1233,0.54,0.5598,0.305,0.412,0.585,0.185,0,0.688,36,308,0.02946,0.05981,0.04148,0.04274,0.0463,0.03628,0.04358,0.04177,0.03034,-0.01833,0.00126,0.00357,-0.01003,4.68,5.8,5.94,6.7,6.04,5.64,15,13,13,13,13,11,11,2348,2312,2341,2388,2263,2201
"38","Novgorodskaya oblastʹ","Новгородская область","Новгородская область","Novgorod region",0.75,1.02,13618,215419.7,28850,0,2493,70,23,40,44,1,1,44,0,0,47,35,16,9,29,786,58,1,5,11.6,1,0,5,0,2,1,0,1,1,0,0,0,0,0,0,0,0,0,2,0.1842,0.44,0.4966,0.263,0.357,0,0.281,0.012,0.587,37,5,0,0.00478,0.00112,0,0.00069,0.00048,0.00197,0.00039,0.00478,-0.00366,-0.00112,0.00069,-0.00021,0.68,0.52,0.68,0.7,1.09,0.78,1,1,1,1,1,1,1,36,41,72,66,59,58
"39","Novosibirskaya oblastʹ","Новосибирская область","Новосибирская область","Novosibirsk region",1.64,0.35,4702626.7,1050040.1,2398521.3,719457.9,20341,2396,1111,2025,564,56,25,261,119,13,1394,499,392,126,282,6200,5004,10,715,7,46,0,172,102,40,87,151,135,200,11,3,3,5,3,4,2,4,24,632,0.8246,0.61,0.5032,0.663,0.523,0.697,0.445,0.003,0.913,38,715,0.09107,0.09569,0.09753,0.09219,0.0933,0.09547,0.09477,0.09365,0.00462,0.00184,-0.00535,0.00111,0.00217,2,2.12,1.97,1.93,1.88,1.9,24,24,23,22,21,21,19,5257,5290,5236,5185,5104,5004
"40","Omskaya oblastʹ","Омская область","Омская область","Omsk region",1.11,0.21,223357.3,32295.9,87809,292112.7,4236,986,441,669,445,12,8,74,39,3,372,184,139,55,77,3150,343,7,20,17.15,5,0,16,3,1,3,7,2,4,0,0,0,0,0,0,0,0,0,35,0.7714,0.54,0.4404,0.484,0.368,0.303,0.993,0,0.434,39,20,0.00268,0.00239,0.00336,0.00427,0.00138,0.00191,0.00281,0.00252,-0.00029,0.00097,0.00091,-0.00289,0.00053,0.6,0.69,0.91,0.95,0.93,0.85,18,18,17,15,14,13,13,345,340,341,314,318,343
"41","Orenburgskaya oblastʹ","Оренбургская область","Оренбургская область","Orenburg region",0.89,0.13,287595.1,18348.2,59495.3,25333.3,1351,345,225,238,111,8,5,36,25,2,171,88,85,44,51,2257,257,5,9,28.56,3,0,3,3,0,1,4,0,1,0,0,0,0,0,0,0,0,0,13,0.5631,0.4,0.3087,0.375,0.336,0.257,0.495,0.094,0.305,40,9,0.00268,0,0.00112,0.00244,0,0.00048,0.00127,0.00097,-0.00268,0.00112,0.00132,-0.00244,0.00048,0.08,0.08,0.08,0.09,0.13,0.09,8,7,6,5,5,5,5,230,266,243,239,250,257
"42","Orlovskaya oblastʹ","Орловская область","Орловская область","Oryol region",0.85,0.46,63773.2,79991.1,23407.8,418.2,390,486,231,378,148,7,1,66,32,1,216,106,107,46,38,1012,147,4,9,16.33,3,0,6,1,0,1,2,3,2,0,1,0,0,0,0,0,1,1,25,0.4641,0.45,0.3597,0.48,0.351,0.389,0.359,0,0.421,41,9,0.00089,0,0.00112,0.00122,0.00207,0.00095,0.00067,0.00142,-0.00089,0.00112,1e-04,0.00085,-0.00112,0.29,0.22,0.25,0.3,0.45,0.27,6,5,5,5,4,4,4,136,133,150,152,145,147
"43","Penzenskaya oblastʹ","Пензенская область","Пензенская область","Penza region",1.08,1.5,2800,2220.8,27427.7,236757.8,5397,459,153,318,230,4,3,39,10,2,198,106,58,25,37,1160,376,4,11,34.18,2,0,7,3,2,0,4,1,1,0,0,0,0,0,0,0,0,0,42,0.7078,0.37,0.3539,0.241,0.345,0.421,0.396,0,0.398,42,11,0.00268,0.00478,0,0.00244,0.00069,0.00048,0.00249,0.0012,0.00211,-0.00478,0.00244,-0.00175,-0.00021,1.68,1.19,1.06,1.09,1.49,1.28,5,4,4,4,4,4,5,339,301,436,418,405,376
"44","Permskiy kray","Пермский край","Пермский край","Perm territory",1.08,1.2,126569.7,236901.7,310294.9,276370,9612,1067,475,784,347,11,5,149,56,4,458,241,157,83,144,3772,759,10,74,10.26,8,0,35,9,7,6,14,23,15,1,0,0,1,1,0,0,0,2,97,0.4188,0.45,0.4198,0.365,0.481,0.405,0.095,0.057,0.536,43,74,0.00804,0.01675,0.00673,0.00855,0.01589,0.00716,0.0105,0.01053,0.00871,-0.01002,0.00182,0.00735,-0.00874,1.38,1.2,1.22,1.28,1.2,1.1,16,16,13,12,11,10,10,689,769,810,782,765,759
"45","Primorskiy kray","Приморский край","Приморский край","Primorsky territory",0.83,0.89,1400738.8,62264.6,137045,71001.3,5220,896,449,793,156,22,4,79,34,1,527,225,215,82,97,5045,1596,8,105,15.2,14,0,59,25,5,9,21,21,24,2,1,0,0,1,0,0,1,3,179,-0.1925,0.5,0.4205,0.646,0.376,0.38,0.321,0,0.555,44,105,0.02232,0.01196,0.01009,0.01282,0.01451,0.01146,0.01479,0.01293,-0.01036,-0.00187,0.00273,0.00169,-0.00306,0.85,0.89,0.93,0.88,0.89,0.96,9,8,9,9,8,8,8,1664,1568,1815,1711,1645,1596
"46","Pskovskaya oblastʹ","Псковская область","Псковская область","Pskov region",0.67,0.29,23180.5,1924.1,5945,2860,191,116,51,69,62,3,1,0,0,0,51,25,23,10,15,496,51,3,0,0,0,0,0,0,0,0,0,0,0,0,0,0,0,0,0,0,0,0,0,0.571,0.37,0.3321,0.336,0.32,0.403,0.548,0,0.186,45,0,0,0,0,0,0,0,0,0,0,0,0,0,0,0.15,0.14,0.25,0.3,0.29,0.14,4,4,3,3,3,3,3,352,347,366,60,53,51
"47","Respublika Adygeya","Республика Адыгея","Республика Адыгея (Адыгея)","Republic of Adygeya",0.26,0.24,0,6670,3250,720,252,136,64,58,73,2,2,47,30,1,79,50,43,22,7,188,65,2,1,65,1,0,1,0,1,0,0,0,0,0,0,0,0,0,0,0,0,0,2,-0.0195,0.36,0.2582,0.28,0.144,0,0.893,0.208,0.312,46,65,0,0.00239,0,0,0,0,8e-04,0,0.00239,-0.00239,0,0,0,0.24,0.27,0.24,0.25,0.24,0.23,2,2,2,2,2,2,2,68,70,76,77,68,65
"48","Respublika Altay","Республика Алтай","Республика Алтай","Republic of Altai",0.05,0.21,14309.5,4879.9,1524,0,66,38,28,11,26,1,0,0,0,0,20,4,13,2,9,133,33,1,0,0,0,0,0,0,0,0,0,0,0,0,0,0,0,0,0,0,0,0,3,-0.094,0.28,0.2727,0.491,0.226,0,0.246,0.226,0,47,1,0,0,0,0,0,0,0,0,0,0,0,0,0,0.28,0.23,0.21,0.21,0.21,0.2,1,1,1,1,1,1,1,48,44,36,29,32,33
"49","Respublika Bashkortostan","Республика Башкортостан","Республика Башкортостан","Republic of Bashkortostan",1.35,0.63,374431.6,50996.1,210109.4,306500.9,9513,1543,752,915,889,15,8,168,81,4,715,420,247,148,136,4750,1106,10,78,14.18,12,0,36,7,6,10,14,16,25,2,1,1,0,0,0,0,0,2,109,0.3638,0.54,0.4864,0.455,0.519,0.479,0.18,0.239,0.443,48,78,0.00625,0.01435,0.01121,0.00855,0.01106,0.01193,0.0106,0.01051,0.0081,-0.00314,-0.00266,0.00251,0.00088,0.62,0.66,0.63,0.66,0.62,0.65,13,11,11,11,10,10,10,1102,1253,1183,1172,1096,1106
"50","Respublika Buryatiya","Республика Бурятия","Республика Бурятия","Republic of Buryatia",0.33,2.75,522439.6,38800,40429.8,9639,848,460,289,304,168,9,3,40,22,1,235,98,121,36,28,1176,469,7,12,39.08,5,0,9,5,1,0,3,1,2,1,0,0,0,0,1,0,0,1,22,0.676,0.43,0.3881,0.551,0.279,0,0.093,0.013,0.38,49,12,0.00446,0.00239,0,0.00183,0.00069,0.00095,0.00229,0.00116,-0.00207,-0.00239,0.00183,-0.00114,0.00026,0.5,0.5,0.52,0.47,0.43,0.37,5,5,5,5,5,5,5,523,536,580,537,501,469
"51","Respublika Dagestan","Республика Дагестан","Республика Дагестан","Republic of Dagestan",0.35,0.15,375899.8,5331.7,26936.8,125,1343,631,382,232,394,14,3,127,80,1,276,144,90,35,50,505,686,14,2,343,2,0,2,0,1,0,0,1,0,0,0,0,0,0,0,0,0,0,31,0.4539,0.36,0.3415,0.367,0.427,0.241,0.253,0.046,0.196,50,2,0,0.00239,0,0,0.00069,0,8e-04,0.00023,0.00239,-0.00239,0,0.00069,-0.00069,0.2,0.18,0.17,0.16,0.15,0.19,16,17,19,18,16,14,13,592,584,738,1020,802,686
"52","Respublika Ingushetiya","Республика Ингушетия","Республика Ингушетия*","Republic of Ingushetia",0.04,0.11,0,0,0,0,86,51,39,51,6,1,0,0,0,0,15,11,10,7,4,98,78,2,0,0,0,0,0,0,0,0,0,0,0,0,0,0,0,0,0,0,0,0,0,0.0753,0.18,0.2169,0.15,0.141,0,0.019,0,0.202,51,0,0,0,0,0,0,0,0,0,0,0,0,0,0,0.09,0.09,0.16,0.13,0.12,0.19,2,1,2,2,2,2,2,44,43,173,165,131,78
"53","Respublika Kalmykiya","Республика Калмыкия","Республика Калмыкия","Republic of Kalmykia",1.21,0.1,53424.5,0,0,0,142,176,112,52,145,2,1,0,0,0,42,33,27,19,6,196,53,1,4,13.25,2,0,3,1,1,0,0,1,1,1,0,0,0,0,0,0,1,1,1,0.068,0.37,0.3804,0.469,0.299,0,0.383,0.293,0.351,52,4,0.00089,0.00239,0,0,0.00069,0.00048,0.0011,0.00039,0.0015,-0.00239,0,0.00069,-0.00021,0.17,0.16,0.14,0.12,0.09,0.11,1,1,1,1,1,1,1,78,77,79,75,56,53
"54","Respublika Kareliya","Республика Карелия","Республика Карелия","Republic of Karelia",0.44,0.37,8568.2,172419.2,73164,13699.6,823,122,76,106,19,3,2,2,1,1,85,28,41,10,20,983,347,2,18,19.28,5,0,10,3,2,1,7,2,3,1,0,1,0,0,0,0,0,1,25,0.0897,0.43,0.409,0.619,0.294,0,0.169,0.004,0.532,53,18,0.00268,0.00478,0.00112,0.00427,0.00138,0.00143,0.00286,0.00236,0.00211,-0.00366,0.00315,-0.00289,5e-05,0.5,0.52,0.5,0.42,0.37,0.39,3,2,2,2,2,2,2,341,346,364,364,362,347
"55","Respublika Khakasiya","Республика Хакасия","Республика Хакасия","Republic of Khakasia",0.24,0.44,57933.8,600,10478,6756.9,109,77,52,12,71,1,0,1,1,0,37,18,23,11,8,595,57,1,0,0,0,0,0,0,0,0,0,0,0,0,0,0,0,0,0,0,0,0,12,-0.0052,0.36,0.317,0.354,0.205,0,0.024,0.126,0,62,0,0,0,0,0,0,0,0,0,0,0,0,0,0,0.05,0.06,0.05,0.04,0.04,0.05,2,1,1,1,1,1,1,142,144,137,153,169,57
"56","Respublika Komi","Республика Коми","Республика Коми","Republic of Komi",0.6,0.41,3543.9,5405.2,30380.8,29871.4,1455,183,96,106,106,3,1,6,1,1,117,34,45,9,28,971,509,3,8,63.63,4,0,8,0,0,1,2,2,3,0,0,0,0,0,0,0,0,0,34,0.2091,0.49,0.4632,0.451,0.267,0.63,0.179,0.014,0.284,54,8,0,0,0.00112,0.00122,0.00138,0.00143,0.00037,0.00135,0,0.00112,1e-04,0.00016,5e-05,0.46,0.44,0.45,0.44,0.41,0.3,5,4,3,3,3,3,3,484,491,493,489,501,509
"57","Respublika Krym","Республика Крым","Республика Крым","Republic of Crimea disputed territory",0.38,0.41,517231.5,5026.6,187574.7,0,2385,506,278,389,140,6,1,57,39,1,247,131,113,53,28,0,391,7,12,32.58,3,0,9,1,0,0,0,4,7,1,0,0,0,0,0,0,2,2,2,0,0.39,0.2928,0.484,0.277,0,0.368,0.441,0.281,55,12,0.00089,0,0,0,0.00276,0.00334,3e-04,0.00204,-0.00089,0,0,0.00276,0.00058,NA,0.27,0.46,0.43,0.43,0.38,NA,NA,11,6,7,7,7,NA,270,311,305,401,391
"58","Respublika Mariy El","Республика Марий Эл","Республика Марий Эл","Republic of Marij El",1.56,0.12,13945.4,27069.2,13819.2,0,360,236,111,144,138,3,2,18,7,1,95,53,32,18,27,654,54,3,6,9,2,0,4,0,1,1,0,3,1,0,0,0,0,0,0,0,0,0,13,0.3407,0.51,0.46,1,0.526,0,0.593,0.083,0.374,56,6,0,0.00239,0.00112,0,0.00207,0.00048,0.00117,0.00085,0.00239,-0.00127,-0.00112,0.00207,-0.0016,0.14,0.1,0.08,0.11,0.12,0.14,3,3,3,3,3,3,3,56,54,56,52,55,54
"59","Respublika Mordoviya","Республика Мордовия","Республика Мордовия","Republic of Mordovia",0.88,0.39,0,49122.6,63509.9,23525,483,566,253,453,122,3,2,37,18,1,243,130,123,59,33,941,78,3,7,11.14,1,0,5,0,2,0,1,3,1,0,0,0,0,0,0,0,0,0,35,0.3235,0.51,0.3413,0.522,0.322,0,0.353,0.434,0.48,57,7,0,0.00478,0,0.00061,0.00207,0.00048,0.00159,0.00105,0.00478,-0.00478,0.00061,0.00146,-0.0016,0.61,0.56,0.46,0.4,0.38,0.44,3,3,3,3,3,3,3,91,103,100,100,89,78
"60","Respublika Sakha","Республика Саха","Республика Саха (Якутия)","Republic of Sakha (Yakutia)",0.72,0.49,2188557.2,47687.9,75569.8,17861.1,2146,457,265,348,147,12,1,15,4,0,228,85,112,36,42,940,700,35,15,46.67,7,0,13,3,3,0,3,2,4,1,0,0,0,0,1,0,0,1,16,0.0155,0.44,0.3476,0.555,0.315,0.364,0.077,0.194,0.375,58,15,0.00268,0.00718,0,0.00183,0.00138,0.00191,0.00329,0.00171,0.0045,-0.00718,0.00183,-0.00045,0.00053,0.41,0.38,0.33,0.3,0.28,0.27,6,7,7,7,7,7,7,731,785,691,755,702,700
"61","Respublika Severnaya Osetiya-Alaniya","Республика Северная Осетия-Алания","Республика Северная Осетия-Алания","Republic of North Ossetia - Alania",1.16,0.27,1326.1,0,4771,1165,484,402,212,250,175,7,1,27,17,1,174,103,69,25,23,381,170,6,2,85,2,0,2,0,0,0,0,0,2,1,0,0,0,0,0,0,1,1,9,-0.0088,0.48,0.34,0.513,0.445,0,0.167,0.191,0.231,59,2,0,0,0,0,0,0.00095,0,0.00032,0,0,0,0,0.00095,0.31,0.37,0.31,0.3,0.27,0.26,11,9,9,8,7,6,6,192,190,172,190,181,170
"62","Respublika Tatarstan","Республика Татарстан","Республика Татарстан (Татарстан)","Republic of Tatarstan",1.86,0.77,87387.9,708466.2,905645.2,1004117.9,12503,3035,1366,2427,856,36,16,338,197,6,1248,586,426,170,221,5746,1808,24,227,7.96,13,0,88,23,16,21,46,46,75,3,1,1,0,2,2,2,1,9,221,0.9371,0.6,0.475,0.597,0.531,0.499,0.38,0.365,0.634,60,227,0.02054,0.03828,0.02354,0.02808,0.03179,0.0358,0.02745,0.03189,0.01774,-0.01473,0.00454,0.00371,0.00401,0.72,0.73,0.65,0.65,0.76,0.72,28,26,25,25,23,24,23,1623,1586,1633,1644,1793,1808
"63","Respublika Tyva","Республика Тыва","Республика Тыва","Republic of Tuva",0.06,0.43,185902.4,0,6838.5,3049.2,229,43,35,10,33,1,0,4,2,0,23,6,14,2,13,110,76,5,0,0,0,0,0,0,0,0,0,0,0,0,0,0,0,0,0,0,0,0,0,0.0578,0.27,0.2695,0.337,0,0,0.077,0.741,0.253,61,0,0,0,0,0,0,0,0,0,0,0,0,0,0,0.6,0.65,0.61,0.49,0.44,0.45,1,1,1,1,1,1,1,88,91,87,85,79,76
"64","Rostovskaya oblastʹ","Ростовская область","Ростовская область","Rostov region",1.46,0.97,209834.2,215387.9,263445.3,1031917.8,12792,2606,1130,2010,788,21,11,227,93,6,1039,535,335,135,179,5420,1325,12,103,12.86,9,0,59,15,9,13,17,21,28,2,0,0,0,1,1,1,2,5,141,0.7408,0.52,0.4161,0.443,0.429,0.388,0.281,0,0.479,63,103,0.01339,0.02153,0.01457,0.01038,0.01451,0.01337,0.0165,0.01275,0.00814,-0.00696,-0.0042,0.00413,-0.00115,1,1.46,1.15,1.06,0.97,0.9,25,23,21,18,14,12,12,1286,1473,1394,1378,1417,1325
"65","Ryazanskaya oblastʹ","Рязанская область","Рязанская область","Ryazan region",1.61,0.44,99235.3,35434.8,27209.4,0,2411,374,158,236,161,5,4,63,27,3,165,76,42,20,50,885,179,6,12,14.92,3,0,8,2,1,0,4,2,3,0,0,0,0,0,0,0,0,0,30,0.6508,0.43,0.349,0.411,0.479,0.396,0.292,0.015,0.441,64,12,0.00179,0.00239,0,0.00244,0.00138,0.00143,0.00139,0.00175,0.00061,-0.00239,0.00244,-0.00106,5e-05,0.5,0.5,0.68,0.61,0.44,0.51,9,9,8,7,7,6,6,207,190,210,218,189,179
"66","Sakhalinskaya oblastʹ","Сахалинская область","Сахалинская область","Sakhalin region",0.08,0.15,444059.6,18432,2820,12961.1,568,60,29,38,25,3,0,4,1,0,30,2,11,1,17,596,105,2,0,0,0,0,0,0,0,0,0,0,0,0,0,0,0,0,0,0,0,0,0,0.0139,0.33,0.2978,0.304,0.078,0,0.05,0.005,0.246,67,0,0,0,0,0,0,0,0,0,0,0,0,0,0,0.15,0.15,0.17,0.16,0.15,0.1,2,2,2,2,2,2,2,123,129,122,113,119,105
"67","Samarskaya oblastʹ","Самарская область","Самарская область","Samara region",1.31,1.06,181090.9,640705,257414.5,825171.2,5277,1551,715,1268,491,16,6,161,69,5,653,344,193,90,193,4759,500,20,40,12.5,5,0,29,1,3,3,8,9,16,3,1,0,2,0,3,0,0,6,65,0.7211,0.5,0.3831,0.374,0.467,0.532,0.215,0.007,0.444,65,40,0.00089,0.00718,0.00336,0.00488,0.00622,0.00764,0.00381,0.00625,0.00628,-0.00381,0.00152,0.00134,0.00142,1.81,1.27,1.37,0.93,1.06,0.93,28,28,26,25,22,20,19,557,535,529,490,514,500
"68","Saratovskaya oblastʹ","Саратовская область","Саратовская область","Saratov region",0.88,0.67,273074.6,721399.9,368369,478338.3,3832,1295,607,1018,349,14,5,160,75,6,676,391,268,131,116,3628,1014,7,77,13.17,7,0,41,8,6,10,17,15,21,1,1,0,0,1,0,1,1,4,156,0.4403,0.48,0.3844,0.498,0.351,0.462,0.255,0.003,0.546,66,77,0.00714,0.01435,0.01121,0.01038,0.01037,0.01002,0.0109,0.01026,0.00721,-0.00314,-0.00083,-1e-05,-0.00034,0.54,0.58,0.57,0.68,0.67,0.63,8,8,7,7,7,7,7,823,778,1055,1067,994,1014
"69","Smolenskaya oblastʹ","Смоленская область","Смоленская область","Smolensk region",0.34,0.57,11104.1,2000,23535,9146.2,851,164,105,80,100,5,4,7,4,0,88,47,40,19,29,651,60,7,3,20,2,0,3,0,1,0,0,1,1,0,0,0,0,0,0,0,0,0,10,1.0343,0.4,0.3969,0.294,0.266,0.302,0.636,0,0.315,69,3,0,0.00239,0,0,0.00069,0.00048,8e-04,0.00039,0.00239,-0.00239,0,0.00069,-0.00021,0.43,0.45,0.52,0.54,0.55,0.55,9,8,8,7,7,7,6,64,58,62,54,58,60
"70","Stavropolʹskiy kray","Ставропольский край","Ставропольский край","Stavropol territory",0.53,0.28,0,107179.9,39247,83393.6,1451,1147,675,669,518,14,4,59,29,2,508,275,235,124,102,1987,1160,16,7,165.71,2,0,5,1,0,0,1,1,4,0,0,0,0,0,0,0,0,0,60,0.5221,0.48,0.359,0.377,0.326,0.443,0.321,0.085,0.255,70,7,0.00089,0,0,0.00061,0.00069,0.00191,3e-04,0.00107,-0.00089,0,0.00061,8e-05,0.00122,0.26,0.25,0.24,0.28,0.28,0.29,20,19,20,17,16,16,14,679,1010,1295,1200,1112,1160
"71","Sverdlovskaya oblastʹ","Свердловская область","Свердловская область","Sverdlovsk region",1.14,1.5,1979308.7,214191.2,596241.7,467610,19262,2015,858,1711,429,41,10,302,150,9,926,478,315,132,285,5765,2637,23,245,10.76,24,0,88,31,15,31,41,64,63,3,0,1,1,2,0,0,1,5,236,1.1789,0.56,0.4929,0.516,0.426,0.614,0.213,0,0.587,68,245,0.02768,0.03589,0.03475,0.02503,0.04423,0.03007,0.03277,0.03311,0.00821,-0.00113,-0.00972,0.0192,-0.01416,1.37,1.58,1.44,1.49,1.51,1.32,32,29,24,26,24,23,23,2644,2657,3009,2746,2674,2637
"72","Tambovskaya oblastʹ","Тамбовская область","Тамбовская область","Tambov region",0.79,0.36,1690,114234.6,78348,0,1027,513,239,317,282,6,4,75,34,3,207,103,69,31,37,1001,164,4,20,8.2,3,0,12,0,7,2,2,6,3,0,0,0,0,0,0,0,0,0,26,0.1352,0.48,0.3413,0.513,0.327,0.303,0.45,0.011,0.46,71,20,0,0.01675,0.00224,0.00122,0.00415,0.00143,0.00633,0.00227,0.01675,-0.0145,-0.00102,0.00293,-0.00271,0.61,0.8,0.69,0.56,0.36,0.28,5,4,4,4,4,4,4,195,196,202,176,184,164
"73","Tomskaya oblastʹ","Томская область","Томская область","Tomsk region",2.79,1.9,1029935.6,1543127.3,918343,1559418.4,7346,2171,972,2032,306,18,13,344,163,9,983,409,320,107,184,5792,1856,21,325,5.71,13,0,132,33,21,32,64,87,88,2,3,1,2,3,2,1,1,13,314,0.0321,0.65,0.6004,0.958,0.688,0.669,0.996,0.011,1,73,325,0.02946,0.05024,0.03587,0.03907,0.06012,0.042,0.03853,0.04707,0.02077,-0.01436,0.0032,0.02105,-0.01812,2.2,2.25,2.47,2.46,2.76,2.82,9,9,9,9,8,7,7,1734,1775,1801,2228,1774,1856
"74","Tulʹskaya oblastʹ","Тульская область","Тульская область","Tula region",0.94,1.07,4171.1,71185.9,26526.7,105007,7050,364,106,239,183,2,2,31,9,1,172,121,36,22,80,1561,214,6,2,107,1,0,2,0,0,0,1,1,0,0,0,0,0,0,0,0,0,0,19,0.3028,0.46,0.3264,0.216,0.394,0.536,0.317,0.018,0.377,74,2,0,0,0,0.00061,0.00069,0,0,0.00043,0,0,0.00061,8e-05,-0.00069,0.7,0.75,0.88,1.07,1.07,1.05,9,9,8,8,6,6,6,182,236,333,262,216,214
"75","Tverskaya oblastʹ","Тверская область","Тверская область","Tver region",1.22,1.21,6068.3,10307.6,60051.7,14518.6,4226,423,208,236,230,4,2,54,31,1,168,107,67,39,56,1285,309,7,11,28.09,2,0,5,0,2,0,2,3,4,0,0,0,0,0,0,0,0,0,8,0.6737,0.46,0.4008,0.258,0.429,0.281,0.42,0.007,0.337,72,11,0,0.00478,0,0.00122,0.00207,0.00191,0.00159,0.00173,0.00478,-0.00478,0.00122,0.00085,-0.00016,1.2,1.31,1.42,1.32,1.2,0.99,8,7,7,7,7,7,7,418,390,375,351,334,309
"76","Tyumenskaya oblastʹ","Тюменская область","Тюменская область (кроме Ханты-Мансийского автономного округа-Югры и Ямало-Ненецкого автономного округа)","Tyumen region",0.77,1.3,62440.2,9939.9,34090.9,127145.5,5217,713,301,530,350,10,4,57,36,1,311,130,130,43,80,2958,583,5,14,41.64,4,0,11,3,0,3,1,2,5,1,1,0,0,0,0,0,0,1,22,0.3688,0.54,0.4888,0.294,0.447,0.554,0.37,0.008,0.407,75,14,0.00268,0,0.00336,0.00061,0.00138,0.00239,0.00201,0.00146,-0.00268,0.00336,-0.00275,0.00077,0.001,0.76,0.96,1.24,1.22,1.28,1.08,9,9,7,7,5,5,5,680,712,770,932,737,583
"77","Udmurt·skaya Respublika","Удмуртская Республика","Удмуртская Республика","Udmurtian Republic",0.82,0.32,277579,4025.8,31028.7,0,1228,460,202,357,122,6,4,17,12,1,326,159,118,49,52,1679,249,7,18,13.83,6,0,15,2,4,2,1,5,4,1,1,0,0,0,0,0,0,1,18,0.5156,0.42,0.3285,0.424,0.344,0.514,0.107,0,0.459,76,18,0.00179,0.00957,0.00224,0.00061,0.00346,0.00191,0.00453,0.00199,0.00778,-0.00733,-0.00163,0.00284,-0.00155,0.28,0.23,0.21,0.21,0.32,0.37,8,8,7,7,7,7,7,245,244,257,285,254,249
"78","Ulʹyanovskaya oblastʹ","Ульяновская область","Ульяновская область","Ulyanovsk region",0.9,4.02,54225.8,31277.4,96815.7,3786.4,4563,564,239,336,290,6,3,37,18,4,229,116,67,29,59,1801,291,5,5,58.2,1,0,3,0,0,1,1,1,2,1,0,0,0,1,0,0,0,1,48,0.8717,0.55,0.5943,0.312,0.477,0,0.253,0,0.384,77,5,0,0,0.00112,0.00061,0.00069,0.00095,0.00037,0.00075,0,0.00112,-0.00051,8e-05,0.00026,3.28,3.15,2.92,2.7,4.1,3.48,5,5,5,5,5,5,5,280,274,320,306,283,291
"79","Vladimirskaya oblastʹ","Владимирская область","Владимирская область","Vladimir region",1.85,1.3,0,31586.3,32322,174527.3,6096,278,113,159,131,5,3,29,12,2,144,85,37,22,70,1505,298,3,4,74.5,2,0,3,1,0,1,1,1,0,0,0,0,0,0,0,0,0,0,29,0.7804,0.42,0.3907,0.28,0.508,0,0.182,0.02,0.381,7,4,0.00089,0,0.00112,0.00061,0.00069,0,0.00067,0.00043,-0.00089,0.00112,-0.00051,8e-05,-0.00069,1.19,1.18,1.02,1.15,1.31,1.14,6,4,4,3,3,3,3,393,419,584,323,308,298
"80","Volgogradskaya oblastʹ","Волгоградская область","Волгоградская область","Volgograd region",1.08,0.46,211457.2,22637,103426.7,63350.3,3517,823,372,603,320,12,5,167,74,5,396,251,166,95,90,3668,426,12,20,21.3,4,0,13,3,2,3,0,6,6,0,0,0,0,0,0,0,0,0,51,0.6784,0.46,0.3356,0.473,0.443,0.286,0.261,0.022,0.374,8,20,0.00268,0.00478,0.00336,0,0.00415,0.00286,0.00361,0.00234,0.00211,-0.00142,-0.00336,0.00415,-0.00128,0.87,1.14,0.46,0.46,0.46,0.42,15,16,15,13,12,12,12,391,396,535,459,429,426
"81","Vologodskaya oblastʹ","Вологодская область","Вологодская область","Vologda region",0.66,0.09,35183.9,24736.3,30174.1,2500,334,180,86,133,82,4,0,19,13,0,101,43,47,17,39,1780,95,3,4,23.75,2,0,4,1,0,1,0,0,2,0,0,0,0,0,0,0,0,0,14,0.242,0.38,0.3735,0.519,0.344,0.436,0.055,0.03,0.488,9,4,0.00089,0,0.00112,0,0,0.00095,0.00067,0.00032,-0.00089,0.00112,-0.00112,0,0.00095,0.1,0.09,0.08,0.09,0.09,0.11,6,6,4,4,3,3,3,91,104,144,131,86,95
"82","Voronezhskaya oblastʹ","Воронежская область","Воронежская область","Voronezh region",2.02,0.94,315374.6,970822.3,75392.4,732818.8,11678,1564,660,992,774,17,8,157,80,6,665,370,228,100,179,3228,961,15,35,27.46,4,0,25,4,3,3,8,5,12,1,0,0,0,0,1,0,0,1,76,0.3088,0.54,0.405,0.278,0.566,0.441,0.279,0,0.406,10,35,0.00357,0.00718,0.00336,0.00488,0.00346,0.00573,0.0047,0.00469,0.00361,-0.00381,0.00152,-0.00143,0.00227,1.01,0.88,0.79,0.79,0.94,0.85,22,19,16,16,15,15,15,925,1021,972,949,947,961
"83","Yamalo-Nenetskiy AOk","Ямало-Ненецкий АОк","Ямало-Ненецкий автономный округ (Тюменская область)","Yamalo-Nenets autonomous district",0.7,0.01,0,0,0,1490,198,0,0,0,0,0,0,0,0,0,0,0,0,0,13,397,23,0,0,0,0,0,0,0,0,0,0,0,0,0,0,0,0,0,0,0,0,0,0,0.3688,0.28,0.3554,0.478,0.287,0.344,0.19,0.258,0.236,84,0,0,0,0,0,0,0,0,0,0,0,0,0,0,0.01,0.01,0.01,0.01,0.01,0.01,NA,NA,NA,NA,NA,NA,NA,17,19,19,21,22,23
"84","Yaroslavskaya oblastʹ","Ярославская область","Ярославская область","Yaroslavl region",1.47,1.36,284422.5,167633.1,71843.7,91481.6,5205,374,163,327,96,11,1,46,31,2,175,98,51,25,103,2449,812,9,21,38.67,7,0,16,5,3,2,3,6,2,1,0,1,0,0,0,0,0,1,61,0.6369,0.48,0.4195,0.359,0.423,0.515,0.162,0,0.649,85,21,0.00446,0.00718,0.00224,0.00183,0.00415,0.00095,0.00463,0.00231,0.00271,-0.00493,-0.00041,0.00232,-0.00319,1.49,1.38,1.53,1.85,1.36,0.93,9,9,9,9,9,9,8,880,901,879,882,863,812
"85","Zabaykalʹskiy kray","Забайкальский край","Забайкальский край","Zabaikalsk territoty",0.14,0.28,71329,0,8810,2701.1,204,141,88,87,68,4,1,15,13,0,95,47,53,22,21,2003,85,7,1,85,1,0,1,0,0,1,0,0,0,0,0,0,0,0,0,0,0,0,11,-0.0902,0.38,0.2924,0.482,0.194,0,0.031,0,0.226,15,1,0,0,0.00112,0,0,0,0.00037,0,0,0.00112,-0.00112,0,0,0.14,0.18,0.15,0.13,0.13,0.13,4,2,2,2,2,2,2,76,92,84,80,90,85
